"id","location_id","name","title","email","department"
"1","1","Susan Houston","Director of Services","shouston1abccom",""
"2","1","Christina Gonzalez","Director","cgonzalez1abccom",""
"3","2","Brenda Brown","Director, Second Career Services","bbrown2abccom",""
"4","3","Howard Lader","Manager, Senior Counseling","hlader3abccom",""
"5","4","Kimberly Pesavento","Commercial director","kpesavento4abccom",""
"6","5","Joe Bloom","Financial Empowerment Programs Program Director","jbloom5abccom",""
"7","6","Peter Olson","Director","polson6abccom",""
"8","6","Bart Charlow","Executive Director","bcharlow6abccom",""
"9","7","Bart Charlow","Executive Director","bcharlow7abccom",""
"10","7","Barbara Kalt","Director","bkalt7abccom",""
"11","8","Marilyn Baker-Venturini","Director","mbakerventurini8abccom",""
"12","8","Graciela Hernandez","Assistant Manager","ghernandez8abccom",""
"13","8","Julie Avelino","Assessment Specialist","javelino8abccom",""
"14","9","Dave Genesy","Library Director","dgenesy9abccom",""
"15","9","Maria Kramer","Library Divisions Manager","mkramer9abccom",""
"16","10","Dave Genesy","Tester","dgenesy10abccom",""
"17","10","Maria Kramer","Library Division Manager","mkramer10abccom",""
"18","11","Dave Genesy","Head of office","dgenesy11abccom",""
"19","11","Elizabeth Meeks","Branch Manager","emeeks11abccom",""
"20","12","Kathy Endaya","Director","kendaya12abccom",""
"21","13","Dave Genesy","Library Director","dgenesy13abccom",""
"22","14","Andres Espinoza","Manager, Commanding Officer","aespinoza14abccom",""
"23","15","Jack Phillips","Administrator","jphillips15abccom",""
"24","16","James Lee","Commanding Officer","jlee16abccom",""
"25","17","Kenneth Gibson","Tester","kgibson17abccom",""
"26","18","Sharon Petersen","Administrator","spetersen18abccom",""
"27","19","Sharon Petersen","Administrator","spetersen19abccom",""
"28","21","Moncef Salah","Tester","msalah21abccom","Office of Innovation"
"29","22","Suzanne Badenhoop","Tester","sbadenhoop22abccom","Referrals"
"30","20","Sean Houston","Director of new Services","shouston20abccom",""
"31","8","David Genesy","Account Manager","dgenesy8abccom",""
"32","8","Elizabeth Feeney","CEO","efeeney8abccom","Operations"
"33","8","Erika Meeks","Tester","emeeks8abccom","Operations"
